Metric,Value
Accuracy,0.4090313182811362
Macro Precision,0.8468703568116263
Macro Recall,0.7981025061786837
Macro F1,0.8116901893127503
